;total_ips_origem;total_ips_destino;total_pacotes;5_kurt_total_ips_origem;5_skw_total_ips_destino;5_coefficient_variation_total_pacotes;has_bot
0;213;226;3802;;;;0
1;203;223;3259;;;;0
2;202;202;3966;;;;0
3;196;208;3889;;;;0
4;184;188;4077;;;;0
5;192;204;4058;;;;0
6;193;202;3721;;;;0
7;200;208;2127;;;;0
8;195;204;2579;;;;0
9;206;210;3258;;;;0
10;202;209;3977;;;;0
11;220;225;2779;;;;0
12;221;217;1993;;;;0
13;191;203;2727;;;;0
14;230;243;3479;;;;0
15;255;271;3753;;;;0
16;181;182;4843;;;;0
17;194;211;5086;;;;0
18;181;195;4970;;;;0
19;199;200;4616;;;;0
20;145;159;3740;;;;0
21;196;211;3466;;;;0
22;207;219;2699;;;;0
23;170;181;1951;;;;0
24;220;234;2268;;;;0
25;211;216;2681;;;;0
26;205;220;3178;;;;0
27;206;219;3261;;;;0
28;184;193;3557;;;;0
29;185;203;5181;;;;0
30;165;185;3011;;;;0
31;197;220;2923;;;;0
32;220;229;2531;;;;0
33;188;203;3085;;;;0
34;215;223;3107;;;;0
35;217;228;3453;;;;0
36;231;246;3881;;;;0
37;211;226;4268;;;;0
38;247;249;3866;;;;0
39;193;211;4367;;;;0
40;218;208;2816;;;;0
41;202;214;2303;;;;0
42;222;235;2789;;;;0
43;235;250;3809;;;;0
44;220;229;5916;;;;0
45;202;214;7838;;;;0
46;190;207;3585;;;;0
47;195;208;3984;1.172743829791614;0.1690897764738663;0.2986660905582664;0
48;205;218;3246;1.214172311032936;0.1924308524810876;0.2998270653064562;0
49;210;226;2585;1.193100378470912;0.1845165113978348;0.3034400750301432;0
50;199;208;2456;1.1853911870032283;0.1705756432488342;0.3089868989630445;0
51;225;238;3034;1.0387605860733464;0.1046192092956201;0.3108619920864193;0
52;227;244;3686;1.028451039251172;0.0426857913916378;0.3107864860937591;0
53;226;230;5475;0.9657494599818128;-0.0294223434053337;0.3177406570812048;0
54;218;233;4716;0.9983845382836052;-0.1090681885254922;0.3194052236293282;0
55;230;225;4494;0.8666304753197187;-0.1608921809191601;0.3116552877767472;0
56;273;302;4729;1.2924447354233817;0.670826715203483;0.3080789920706616;0
57;253;242;5049;0.9344881202198502;0.5880416128291025;0.3093376727135449;0
58;223;232;4982;0.8915582083423002;0.5294218338492988;0.3114881629079672;0
59;209;226;4315;0.9267786596661504;0.5264912203336055;0.3074518074109685;0
60;227;232;5752;0.8773565851057936;0.4844144810081904;0.3027593926715354;0
61;193;202;4118;0.8953211834460011;0.4844768771273664;0.2977139009016515;0
62;213;223;4314;1.0157176332059092;0.5352846858131473;0.2965186041177429;0
63;188;191;4283;1.2568877774408491;0.5325256307576135;0.2960369460788409;0
64;205;219;4907;1.4758879362802366;0.5752763154188288;0.2962385934180445;0
65;194;208;5288;1.4758879362802366;0.5800014644562307;0.2971684108603687;0
66;215;221;3949;1.713407823874594;0.5576490303490016;0.2959471812942989;0
67;217;223;3929;1.7329990414924463;0.5213187501438838;0.2956669499376593;0
68;216;224;3809;1.4065036471017982;1.171166437791871;0.2955309440593635;0
69;176;182;3978;1.1818823077374516;0.971623524461135;0.29437963858235;0
70;197;216;3973;1.1294634929569165;0.9792328728600018;0.2890427382492433;0
71;227;229;3990;1.2767297713562031;1.1490792581994205;0.2765403697448446;0
72;207;200;3878;1.33204705305312;1.194342313379701;0.2671551113890035;0
73;222;234;3713;1.2541946386595366;1.1291883776185847;0.2616333451926654;0
74;274;319;3490;1.3093189929200275;1.7816275165421394;0.2601600176480323;0
75;240;221;2983;1.017933580483433;1.7779040413398262;0.2617747356822838;0
76;175;175;5958;0.9586011059034032;1.5676772349303545;0.2674123232548743;0
77;210;231;3962;1.1343105379867977;1.5387941468038977;0.2658103128797866;0
78;222;250;3021;1.279450461479816;1.564523787523797;0.2657469749034812;0
79;210;212;2909;1.360248937640401;1.5697218046157482;0.2658426062178767;0
80;197;206;3375;1.312246671484628;1.590847564886902;0.260183037592292;0
81;183;188;3118;1.263923285717815;1.5011984285485451;0.259984346993482;0
82;201;206;3435;1.2336846592757649;1.510823128891583;0.2582830962129617;0
83;192;208;4219;1.1429537888959762;1.538490706872965;0.2564590383223094;0
84;206;226;3607;1.32086595840262;1.6147923277812508;0.257244560084083;0
85;226;224;3396;1.207885425022836;1.620568753313879;0.2593145421876288;0
86;222;215;3833;1.607635937047948;1.7374501698295892;0.2593886910425376;0
87;210;211;3542;1.7173997039358506;1.7374501698295892;0.2607733164205008;0
88;202;213;3959;1.7274579116220925;1.7387138845523007;0.2555459477772041;0
89;228;230;3356;1.5950449571923684;1.7003322342791412;0.2475633396256176;0
90;186;186;5066;1.4808566449349203;1.652678285686214;0.2428956168975617;0
91;216;217;5647;1.7487989427442254;1.7752815864739668;0.2463079872163028;0
92;219;241;4569;1.759356961665607;1.72438678278319;0.2402638255639082;0
93;227;223;3323;1.6281351354136235;1.7064855488668331;0.2060993430917699;0
94;229;236;4052;1.6097054185904858;1.64204173040686;0.2049853453410177;0
95;240;244;3597;1.3762780996389468;1.5468101115075126;0.2059795154907803;0
96;264;257;4445;0.945922241111925;1.4167224932444702;0.2032638077913477;0
97;200;204;3911;0.899394904734507;1.4358399674495568;0.1949233246747819;0
98;204;202;3960;0.9319065735088212;1.42752146878754;0.1845744097139515;0
99;194;187;3101;0.9028733469848066;1.42088735836709;0.1840351405105055;0
100;191;190;3032;0.8899969822614937;1.467795898810667;0.1879530463218645;0
101;198;201;3118;0.940533790429852;1.5078564443193618;0.1865387147011974;0
102;182;194;3181;0.8180635567566553;1.5439425832234028;0.1888895153195372;0
103;215;213;3028;0.9561869107636664;1.5717881626103274;0.1927669997676896;0
104;231;231;3314;0.9089636880692196;1.4779700188644789;0.1936684110376935;0
105;194;193;3905;1.3294507225082894;1.5637044716250743;0.1904551606938066;0
106;183;193;2971;1.2738746825312044;1.6143503886950188;0.1914977840937716;0
107;180;181;3310;1.0958039028990971;1.5720034712430695;0.1930105141213723;0
108;224;231;3862;1.1399581439832125;1.5762163475065678;0.1809645769293835;0
109;210;214;4097;1.1878645665047152;1.5626595878542886;0.18093788433834;0
110;175;181;3053;1.0022066086671952;1.5243472373566471;0.1835064561334091;0
111;205;204;3266;1.0961350358375954;1.5440714608957928;0.1846580550743971;0
112;227;224;4400;0.9292561966715112;1.5264782309144125;0.1815299565620714;0
113;211;223;3980;0.9728840871345212;1.487082501786246;0.1730255382694465;0
114;217;215;4231;0.9585038739810104;1.505344551747747;0.1736081373330753;0
115;191;189;4140;0.9267180570465796;1.521533016820182;0.1739289446851388;0
116;187;191;3963;0.8690778500860934;1.554296878497556;0.1739582338423447;0
117;179;179;4036;0.8888486605272974;1.532417724032944;0.1740289330822178;0
118;220;231;3468;0.8329947486874411;1.4785979017312538;0.1746492998722223;0
119;171;177;3894;0.7965380722588163;1.462495708920228;0.1745775331679601;0
120;220;223;4739;0.7191749312769028;1.4136689015805306;0.177843094797924;0
121;191;200;4388;0.7697941087755847;1.5042494905884851;0.1787790874140342;0
122;184;186;3541;-0.0434247647317876;0.1883804247973322;0.1786179551584924;0
123;190;201;4380;0.1752300595469643;0.2475545825674302;0.1759813287618698;0
124;211;209;3802;0.3007787312530183;0.2780836364756092;0.1568310715581302;0
125;194;218;3849;0.2934924789348563;0.3049994731648306;0.1567706199093338;0
126;187;179;3564;0.3703087353101358;0.2717651667952099;0.1538289641259023;0
127;195;192;3077;0.3890503277490589;0.3195661596194978;0.152409523073517;0
128;190;192;3415;0.3550216838655114;0.3473297641016329;0.1522274154938308;0
129;161;165;2904;0.3700356556258452;0.1943581375352843;0.1539983620028814;0
130;204;202;3462;0.3670425146134625;0.2064624771649632;0.1538910721551432;0
131;188;198;3342;0.3401326899688082;0.2352251581154765;0.1544708630799026;0
132;138;144;3021;0.9527179288907768;-0.1067500784460506;0.1574381665788498;0
133;179;184;3303;0.9678708203778172;-0.0214525307413749;0.1578691370298827;0
134;200;207;3299;1.11402539343898;-0.0003021821769149;0.1591953352640043;0
135;199;200;3627;1.14906213888457;0.031518979212504;0.1590029822828164;0
136;212;217;3260;1.09921957336026;0.0225121728065159;0.1603767257192584;0
137;175;175;2961;1.1576606431902718;0.0982965756845534;0.1628174977950909;0
138;190;197;3003;1.188286204376305;0.0771412040645243;0.1576071691616627;0
139;197;199;3369;1.2981159469550831;0.1260151895444328;0.1380106639236815;0
140;150;151;2934;1.138407571335566;-0.0049754889832038;0.1362980646716605;0
141;182;189;3129;1.3389934158015566;0.0696425541798468;0.1372836855675435;0
142;208;232;3047;1.6200602494262022;0.0545421876097406;0.1382974092646214;0
143;194;195;3024;2.1426941673634583;0.0155266346033196;0.140427635959466;0
144;172;184;2787;0.8566529437720415;-0.3293634463302195;0.1399924805795805;0
145;189;186;3035;0.8420254217813442;-0.2721924802580894;0.1410196735555053;0
146;211;211;2896;0.7786788177472588;-0.2911121567685533;0.1426084431363172;0
147;182;202;2955;0.6967165190206995;-0.3397926294679652;0.1435274732310852;0
148;243;256;3378;0.6680729697959028;-0.0083400543059249;0.142098160316744;0
149;190;207;3484;0.659997183712436;-0.0256130322494856;0.1409872347254882;0
150;182;183;3287;0.659997183712436;-0.0010892612790146;0.1405704671513739;0
151;202;207;4746;0.7772028216319209;0.0121813700673553;0.1471067059316607;0
152;157;173;3754;0.7305074983695664;0.0727385091013777;0.146779357322131;0
153;187;195;3698;0.7145796831237131;0.0668293662792569;0.146291788731533;0
154;189;201;3879;0.7495201490856467;0.0424712524923314;0.1443632319092638;0
155;185;204;3615;0.7923413270488142;-0.0161139568228782;0.143807107029849;0
156;198;191;3297;1.0474092469074603;0.0188818797738544;0.1440420518859145;0
157;178;183;3504;1.0816969590691123;0.0985111017126235;0.1426400606598707;0
158;173;180;3233;1.0543501187230266;0.0993421130885951;0.1416579405823081;0
159;189;188;3341;1.1319135122600814;0.1475518485878915;0.141390932134326;0
160;174;178;3258;1.3569312313569173;0.2284406488529093;0.1379665110118216;0
161;196;206;3622;1.5477206452634686;0.2410650059652901;0.1369106402491558;0
162;201;197;2974;1.8107901844282253;0.2861950044295828;0.1360518692051476;0
163;211;216;3432;1.5775034611015937;0.2156094930370986;0.1336414971132445;0
164;213;227;3439;1.348545598526338;0.1678305919719495;0.1323130957470335;0
165;193;188;3338;1.424375324242542;0.1540018368520988;0.1305059092035678;0
166;180;184;3238;1.6993332388706677;0.1968424776458551;0.1309334753430015;0
167;199;204;3167;1.878401871593416;0.1316607455558379;0.1303938627507749;0
168;195;204;3330;2.273052049822055;0.1429757221863298;0.1181661973910041;0
169;221;219;3129;1.855174139273188;0.1117404524976916;0.1110634438183073;0
170;193;197;3149;1.889423773319975;0.0786159687306723;0.1113862026922378;0
171;214;212;3481;1.6438515501319113;0.0518392125256045;0.1025051424671332;0
172;199;206;3726;1.8044325937035168;0.0588353377915392;0.1019331241230404;0
173;202;206;3583;1.7468429152013167;0.0725396208231191;0.1001240481170803;0
174;211;217;3489;1.5886270402715053;-0.0130164105134801;0.099875461948305;0
175;238;253;4547;1.311477963529356;0.23010773700821;0.1115374172090287;0
176;243;264;3568;1.082109612334347;0.4958969658088313;0.1117890486995495;0
177;243;223;3579;1.0640171024192309;0.4558700548584743;0.1099430766449513;0
178;211;207;3182;1.0005881575804352;0.4408559926694967;0.1103450611296728;0
179;211;219;3637;0.9305871192464786;0.3833894782294654;0.1107600200013583;0
180;243;248;3499;0.4483997665410542;0.7076964428604257;0.1095069358405199;0
181;167;168;2935;0.3597480427414574;0.6422312383169191;0.1113543441417866;0
182;187;201;3422;0.3490278993840437;0.6598882291669238;0.1112438917507112;0
183;187;194;3410;0.3390482823262243;0.6728216073562828;0.110857304789565;0
184;247;266;3209;0.1945292879490337;0.7952514811133435;0.1110084071417009;0
185;241;255;3423;-0.0113218471743898;0.7450778254393038;0.1092704969383065;0
186;225;247;3218;-0.1708577813104276;0.6552433113504245;0.1081318994467458;0
187;204;190;3670;-0.1824346702890259;0.6656563888100754;0.1086194477444627;0
188;185;197;2995;-0.2589862365306689;0.9144362314923458;0.1081356223359098;0
189;201;200;3164;-0.2222289620220572;0.9083814273751878;0.1079659768366349;0
190;201;215;6573;-0.194691933214947;0.9596119414353216;0.1686563747314876;0
191;220;241;3121;-0.3129882343489874;0.8500482769339829;0.1681570878172829;0
192;196;191;3339;-0.2232726618596678;0.8589415361483125;0.1652129116343309;0
193;174;183;2586;-0.2911900913487171;0.8524102344642837;0.1688057581012767;0
194;199;206;3095;-0.2472952387829176;0.8657993842923576;0.1676116782886322;0
195;231;236;3079;-0.3963932574715415;0.7759786275654187;0.1668898251411517;0
196;205;211;3060;-0.1896095454651922;0.8280162887882082;0.1680576903503118;0
197;177;182;2748;-0.2543605041603896;0.8370736765477458;0.1714676118486705;0
198;189;194;2800;-0.220215144534336;0.8471827787287832;0.17401838760885;0
199;187;195;3330;-0.2436436617509553;0.8689706713826669;0.1663049365336312;0
200;168;172;2928;-0.3403376998594243;0.8623174935738245;0.167731998448425;0
201;177;181;3215;-0.3821183737861431;0.8483436399876344;0.1678844263295323;0
202;190;196;3016;-0.3791006701375751;0.855970550505561;0.1681089320783885;0
203;213;210;4241;-0.4100912298811838;0.839982204874595;0.1712627767803666;0
204;189;196;3470;-0.4264722307107826;0.8373639219533541;0.1710805366001357;0
205;203;210;2996;-0.3682575677063677;0.8155766394856889;0.1723342659204602;0
206;203;211;3008;-0.2856372055268001;0.8042830417247474;0.1731879896471582;0
207;226;235;3851;-0.4164359347561425;0.7096445702422373;0.173853247647113;0
208;208;209;3072;-0.3353793464287624;0.7217737035646968;0.1744783020893974;0
209;164;170;2483;-0.3834232717775159;0.6516051191178038;0.1795041085480935;0
210;151;153;3339;-0.2533983777701606;0.4219443123671462;0.1783272284528213;0
211;184;188;2672;-0.2933284297507227;0.4743944227210149;0.1815808441826636;0
212;204;213;4952;-0.2600886221574097;0.5094109999645804;0.1925479174338668;0
213;199;200;3772;-0.2473661865633486;0.4968536453220689;0.1927631188869724;0
214;205;225;2735;-0.1624641082705629;0.4242753441512807;0.1952649557766562;0
215;205;194;2931;-0.163322644848534;0.4417886806231298;0.1962797000198002;0
216;213;240;4031;-0.179103417308195;0.3711982425792309;0.1974428303369177;0
217;222;218;3998;-0.1864228712671733;0.3737631761506909;0.1977690588054975;0
218;202;206;4587;-0.1627762229850542;0.3556884573820565;0.2019202723331464;0
219;227;248;4103;-0.2488064026449445;0.313861394452559;0.2031071539249174;0
220;239;228;2877;-0.3992992534698596;0.2616430806392472;0.205170848260011;0
221;270;307;3529;-0.0743230687186116;0.7302152034306576;0.2051768473125625;0
222;217;211;4748;-0.098514615281043;0.7438333652060598;0.2109733586838231;0
223;221;244;3384;0.0256983905665995;0.7509686286930214;0.2072016711076569;0
224;221;227;3223;0.1880039620065938;0.7805550426721126;0.2077264634547652;0
225;204;205;2959;0.4470683824179487;0.823129426850049;0.2093076399829233;0
226;207;218;2599;0.4612372790706578;0.7973843130694853;0.212661189965005;0
227;226;240;3107;0.3478079641738231;0.7478920475438453;0.2134422882527102;0
228;204;222;2533;0.63391304131876;0.7993961962746144;0.2177350752927343;0
229;206;206;3124;0.8700749003062046;0.8620847402101749;0.216929704489395;0
230;256;262;2926;0.648011134421469;0.7667137800648967;0.2184127133354187;0
231;206;207;2612;0.7305347678659022;0.7542716580385537;0.2218383333444805;0
232;191;200;2637;1.0306559210119752;0.8393940669698939;0.2246601025364697;0
233;226;240;2850;1.2204163407584077;0.8504907980420433;0.2263891507256279;0
234;210;212;3012;1.3719305878120154;0.9347523066274496;0.2270364195908613;0
235;224;233;3648;1.2178721601486715;0.853354333026349;0.2270030331115343;0
236;214;220;3787;1.3067098938412949;0.8082706816119869;0.2263422682411646;0
237;190;208;2849;1.2351446797679804;0.7960673455551337;0.2276447801406414;0
238;218;227;2799;1.1731156496691362;0.7625128190557373;0.1816231163793706;0
239;206;200;2712;1.2592594884927482;0.8585495368864373;0.1835746172311494;0
240;245;261;3582;0.924406050633118;0.7649033903726422;0.1838814951079543;0
241;255;263;3089;0.8236327529915832;0.693004153865032;0.1810150856576232;0
242;228;242;2836;0.7267096407421891;0.6111202017978029;0.1821325073446043;0
243;214;233;3132;0.8638302800414951;0.6178589775244598;0.1819873645801337;0
244;235;233;3056;0.6777889401933898;0.5643868238485;0.1820004451901702;0
245;193;221;2860;0.8286152823291981;0.5469929851908081;0.1813171276883428;0
246;196;187;2619;0.8908387222118916;0.5379729496597109;0.1826088471098972;0
247;193;207;2436;0.9507283329718788;0.5294664378413668;0.1871480404274671;0
248;176;182;2341;0.9958419371620012;0.582399227514112;0.1915972721391082;0
249;178;184;2957;1.005261023703489;0.5938182261115581;0.1922694369055708;0
250;198;206;3634;1.078578298506699;0.5887358101107485;0.1922176522110692;0
251;198;196;2223;1.042847466409791;0.6001822062160626;0.1941002570701378;0
252;166;164;2607;0.8605729289666454;0.4630435765118851;0.1964534462293438;0
253;195;208;2965;0.8151733586600153;0.4667473524974;0.196554664909133;0
254;164;173;3111;0.5565065655262774;0.4367053915810544;0.1963057041927278;0
255;229;237;3018;0.530405753282055;0.4330316292405905;0.1948439306988997;0
256;210;199;2538;0.5293022364605564;0.4472792186802724;0.1975131154436621;0
257;219;214;2755;0.7639001844400409;0.487412252276359;0.1956050083629547;0
258;211;213;3384;0.7223307667456187;0.7686478563745466;0.1956554491704837;0
259;237;241;4172;0.6730666944804086;0.7021618252074086;0.1979980004592978;0
260;193;201;3659;0.5973079042838931;0.7151602634827183;0.1830678491962415;0
261;218;223;4076;0.6184761224441557;0.6782415309290185;0.1854359095072882;0
262;207;208;3957;0.6248182000334547;0.7159901247293069;0.1864538254341521;0
263;162;176;3514;0.4703596338087505;0.6413647048463086;0.1859921434312988;0
264;182;191;3712;0.3035053216027076;0.7171440042146154;0.1839067382291981;0
265;184;188;4079;0.21531166302425;0.7320787411579464;0.1845961922829772;0
266;191;196;3416;0.157497737739221;0.7367505453696273;0.1745731897478298;0
267;161;171;4385;0.0959519204396131;0.749774320782485;0.1779168433326285;0
268;192;194;3932;0.2499784052931555;0.809571955891969;0.179494488802992;0
269;204;212;3807;0.0067134797060793;0.1877313347428354;0.1807015298471857;0
270;196;201;3735;0.020833314197784;0.2112110833389249;0.1690136100072951;0
271;195;201;3817;0.0696880604092507;0.2851210977987947;0.1707967853457886;0
272;235;253;5021;-0.0431058680556754;0.3002481735103512;0.1878470986311217;0
273;205;205;4638;-0.0433519241738105;0.3002481735103512;0.1957342321485529;0
274;195;220;4276;-0.0601331452795135;0.2948230132744557;0.1964381425014578;0
275;198;192;3886;0.0554063584542324;0.3843405483016738;0.1970041251766851;0
276;248;279;4609;-0.1574367976075925;0.5672126878790292;0.1993154847743631;0
277;239;248;4807;-0.3407270983546346;0.487821300970118;0.2065114719293725;0
278;228;238;4697;-0.3767514278002456;0.4568594639353669;0.2106172743554411;0
279;230;226;6321;-0.485561480611198;0.4086574446660297;0.2353553344200683;0
280;237;236;4287;-0.5675924118680363;0.3294640671042676;0.2324107185844435;0
281;204;216;3828;-0.5020846853915845;0.3781415162215057;0.2296148689882352;0
282;217;228;3965;-0.5223805928099983;0.337564284790275;0.2278157056511242;0
283;216;230;4362;-0.4829963406950638;0.3431651092203124;0.229065191591696;0
284;215;218;4055;-0.4863918308700089;0.3484238854631102;0.2293448263008936;0
285;203;217;4223;-0.4363291738016889;0.3259655602339841;0.2268227918564845;0
286;230;252;4664;-0.5020054040053545;0.3118993467501317;0.2255913965909241;0
287;231;224;4534;-0.5886306008968982;0.258111623024662;0.2225455964816669;0
288;236;248;5507;-0.5778543019507333;0.2210906845328392;0.2308721087136073;0
289;202;216;4769;-0.601695523580293;0.2017933974860096;0.2306088258800419;0
290;222;242;4861;-0.5712380824986238;0.2017933974860096;0.228743338981451;0
291;239;234;5109;-0.6655221836558016;0.2005179488868195;0.2298094245058572;0
292;197;202;4825;-0.5894371965584039;0.2727501013378625;0.2283322035948148;0
293;232;255;3960;-0.6349884502848478;0.2658750193335986;0.2236378444349772;0
294;218;232;3852;-0.6180392621697195;0.1895809972183;0.21683896910242;0
295;220;217;3411;-0.5800276323692575;0.1645073001990379;0.2093280750605934;0
296;219;222;3707;-0.4105156743184867;0.1210313774449945;0.1992897175881872;0
297;227;226;4109;-0.24641538387416;0.0653972480262098;0.1944505532504772;0
298;200;209;3680;-0.2321425375658269;0.0586032054793568;0.1942919155254643;0
299;190;193;3935;-0.2997274349075915;0.0593468911935307;0.1812393550310732;0
300;212;215;3776;-0.1015674093877667;0.194788682377765;0.1727498158897839;0
301;243;271;3623;-0.1090312213682506;0.2425363660939175;0.1682884321676067;0
302;240;240;3951;-0.0874889600957286;0.2671488625554453;0.1639389551612865;0
303;242;233;4155;-0.1558149576693964;0.2755804738212212;0.1582915810690907;0
304;212;231;3395;-0.1492772223804321;0.2101896456594042;0.1495125755940371;0
305;252;266;3695;-0.2408485976961043;0.1968609161581118;0.141399524592078;0
306;234;239;3444;-0.2884769989104508;0.1331323344659909;0.1409640309190282;0
307;194;205;3339;-0.3347248033434911;0.2128260399341293;0.1444740567053558;0
308;190;185;3919;-0.3590475181236292;0.1829917687424095;0.1434697321515054;0
309;189;200;3758;-0.4974763383087507;0.2252726971951602;0.144348617911669;0
310;205;209;4123;-0.5058659757533878;0.2235986483271877;0.1440668095381287;0
311;218;227;4150;-0.6240431956255397;0.2617955057090694;0.1418067987886745;0
312;189;195;4418;-0.604795623519839;0.2713972555906321;0.1406307129595826;0
313;199;201;3275;-0.5213327976317421;0.3000791950673241;0.144631004202951;0
314;202;216;3718;-0.4422294638504886;0.2884377824376484;0.1428639581098065;0
315;199;204;4329;-1.2344772242201494;0.5199302265115869;0.1428155521805556;0
316;213;218;4477;-1.1848020454551524;0.5353590039164428;0.1425525658310161;0
317;227;232;4559;-1.1994243440687011;0.4823854839189774;0.1419682438098813;0
318;210;217;5006;-1.1481876322097888;0.4793290428824033;0.1427670699392733;0
319;236;234;4691;-1.1568459223735097;0.4280348460267031;0.1422951716941534;0
320;226;236;4149;-1.1104156967664416;0.4521348051350313;0.1403363746755227;0
321;236;239;3905;-1.1419304415370768;0.3793181894427112;0.1405103346413539;0
322;223;234;4390;-1.0588722188073163;0.3355198654217864;0.1405493400585806;0
323;223;233;4468;-0.9661451922305818;0.3457615795833896;0.1399392430078545;0
324;190;188;3682;-1.017626235347465;0.0532176195192762;0.1411331917962374;0
325;228;226;4074;-0.9687418397044232;0.090950461846225;0.1401176176395302;0
326;215;221;5061;-0.9450604499642216;0.1433929162567721;0.1420006894143026;0
327;224;231;3946;-0.9150826842419032;0.1264024647905867;0.1225049617279697;0
328;199;214;3093;-0.9114146895476266;0.1947719756689554;0.1285358613268724;0
329;211;217;4656;-0.873960601406021;0.1920742662026251;0.1288798777646301;0
330;207;210;3471;-0.9029917470580924;0.2428350515161839;0.1311769356414498;0
331;225;223;4084;-0.9270560931972676;0.2673182064343222;0.1311081212487361;0
332;223;230;3761;-0.9385315356093198;0.2265648057074885;0.1319015096745349;0
333;240;242;5091;-0.9623107003180412;0.1560442381475995;0.1356066446714717;0
334;229;234;3684;-0.9569541303468182;0.1559597983854304;0.1358483206957085;0
335;230;238;9452;-0.9514515781868246;0.1140699173023328;0.2253812727922752;0
336;207;207;6455;-0.9115529304129196;0.1959989702016044;0.2329377537486543;0
337;216;227;7916;-0.8435609072252706;0.1590811733069661;0.2599887792061933;0
338;207;214;6655;-0.8713845933367066;0.2368167999738631;0.2687926551429878;0
339;218;223;5927;-0.768456475248748;0.2741072879010982;0.2717099411944729;0
340;217;222;7563;-0.6638080602865988;0.2466354484585088;0.2876301524770526;0
341;194;203;9849;-0.701557455040442;0.288056452023181;0.3284211169813835;0
342;217;226;6101;-0.7001265134369146;0.3090946711029068;0.3279581881264422;0
343;226;233;7217;-0.7312353333242244;0.2524699712876786;0.3302474188706513;0
344;196;200;4934;-0.820852068716981;0.2785028148610734;0.3271564826007154;0
345;178;179;5850;-0.7065619131715114;0.1382537145792064;0.3260301564542958;0
346;207;212;9222;-0.6622462464819425;0.1317156670244495;0.343598915881358;0
347;192;204;7845;-0.6572524002596655;0.1576867952471168;0.3480002088312892;0
348;190;201;10602;-0.7683550301897359;0.1751439515759452;0.3731619094530289;0
349;194;191;6516;-0.7491252575140558;-0.1220336353046802;0.3686098634492211;0
350;210;217;7436;-0.621857886720273;-0.0811624406450795;0.3674543132243564;0
351;203;209;5553;-0.5189442830013181;-0.0084378849268614;0.3643369917039916;0
352;214;222;5485;-0.522335101986494;0.0162217080372086;0.3577255867205078;0
353;169;173;7813;-0.4864178846298778;-0.5627188299617952;0.35579621025768;0
354;167;173;5986;-0.2365546905747112;-0.6213011866570709;0.348791053889298;0
355;209;217;11666;-0.1184144980428508;-0.6679986866991066;0.3701627740071001;0
356;227;235;10260;-0.0020110834337947;-0.7449562263633848;0.3777032561634365;0
357;208;211;3690;0.2153142745424157;-0.7887118019852595;0.378030316682944;0
358;211;222;3632;0.249607952732217;-0.8373913116409704;0.3802579058589223;0
359;205;208;3705;0.223619006981615;-0.7776630715651365;0.3822326254708534;0
360;198;201;3513;0.3575919186169953;-0.7928634165348738;0.3861731674958508;0
361;218;225;3456;0.4621308235188823;-0.8809696003272445;0.3852008339902441;0
362;209;222;3813;0.5299113686879128;-0.9005770243022031;0.3847551245274279;0
363;199;200;3503;0.5299113686879128;-0.8852990394244771;0.3884095102659187;0
364;196;208;3579;0.362315513028994;-0.842819496482096;0.3921911133106848;0
365;212;221;4142;0.4424765472978623;-0.8393987597055514;0.3937119013323606;0
366;194;200;3986;0.2685146211957782;-0.769510039213021;0.3971646765273505;0
367;213;214;3671;0.4184541950637092;-0.7503246521994298;0.4011421836300347;0
368;190;202;3420;0.2806446683632084;-0.6951931489050065;0.4044605930755174;0
369;185;189;3859;0.1547154409490631;-0.6504910828625364;0.4046619731349148;0
370;198;209;3571;0.1583666148929661;-0.6268867998254026;0.4081034251438361;0
371;201;195;3389;0.2132103077123317;-0.5536238146702794;0.4127101803951362;0
372;168;177;3434;0.2405676983944203;-0.6120329193883879;0.4139198654909177;0
373;220;233;4345;0.3108523680288865;-0.5920104762981278;0.4128945920583183;0
374;199;198;4936;0.2859599917693574;-0.5119523375592804;0.413202007957561;0
375;190;199;3731;0.244836039094095;-0.4445489663497483;0.4141490322901182;0
376;209;209;4556;0.2795001945460887;-0.4254581972686584;0.4076503797946644;0
377;218;216;4696;0.2326429852154398;-0.4225397470942098;0.4075294926369883;0
378;194;204;4230;0.1414164999018833;-0.3984931205734318;0.4041717744497552;0
379;190;194;5965;0.1349246010352764;-0.3113775786805419;0.3995353618262803;0
380;198;197;8792;0.2270118775922541;-0.2391663717346505;0.3972370445863067;0
381;215;226;7453;0.1590689413227866;-0.355529531525716;0.3958547536274328;0
382;191;187;3273;0.1722094277193499;-0.3129531506977066;0.397960107440247;0
383;213;216;3476;0.2454168492744671;-0.4120754801214633;0.3991764694514511;0
384;203;211;3597;0.2459921678643607;-0.4281880280483878;0.406250052706317;0
385;198;189;4418;0.2892644023213221;-0.3528614256316197;0.4078880974063651;0
386;202;204;3595;0.2921130042898126;-0.3147424587086838;0.4145234092035254;0
387;225;230;4548;0.2477474339420067;-0.2846151294097943;0.4171812751984112;0
388;209;221;3969;0.3242427675164721;-0.2852461559201608;0.4205550295370501;0
389;208;209;5537;0.3856950963302653;-0.3104199779238248;0.4086543078091059;0
390;201;210;5247;0.4780503724434724;-0.2991688312987351;0.4093414332568644;0
391;184;184;3362;0.3943409154549018;-0.2875299552903689;0.4149930246045727;0
392;164;178;3729;0.3248399431757418;-0.2909643937073991;0.4189095633980827;0
393;184;190;3713;0.422297791544469;-0.2667662049941512;0.4239206643893944;0
394;226;225;3673;0.2879208154832048;-0.2675102602309965;0.4177807413873859;0
395;188;200;3767;0.2286688495343354;-0.250832614433802;0.4174225133579366;0
396;205;212;5161;0.3359189737891415;-0.2941845533489735;0.3892109124610555;0
397;199;193;3992;0.3827730781703012;-0.2978977663064357;0.3903922569379593;0
398;194;203;3985;0.3508606436722086;-0.2518770687972745;0.3874752389306152;0
399;190;184;3986;0.2463176810116172;-0.1917797634127289;0.389645028144971;0
400;199;200;3894;0.3112294511093289;-0.1354547629911917;0.3920729928707038;0
401;185;194;3567;0.411734613733821;-0.0432604570946071;0.3866087047409176;0
402;190;190;3216;0.4727332612511712;0.0943498804192848;0.3905619552324506;0
403;197;190;3534;0.4986595518554357;0.176467767164359;0.3208129304166013;0
404;200;197;4021;0.6995045729166435;0.1486551873575362;0.2524281004274369;0
405;195;189;3759;0.7143559229739463;0.2165453215808134;0.2522013152022819;0
406;205;213;4615;0.7926835086697278;0.2226877308384381;0.2508613096513731;0
407;205;209;3859;0.7926835086697278;0.2182230668264534;0.250385128859094;0
408;203;205;4800;0.7924020782029824;0.1995763208003554;0.2486934107905517;0
409;173;170;6262;0.6671151850634677;0.0655864646229091;0.2538540766405103;0
410;191;193;7184;0.6808624942419731;0.1365321897228428;0.2679169486511519;0
411;194;193;7287;0.6569513517834052;0.1619899652731044;0.2791702149513735;0
412;224;230;7254;0.4382958612376332;0.2062862860319666;0.288131525774303;0
413;230;225;4864;0.4054307076113266;0.2200395675518279;0.2872383218789828;0
414;206;217;4000;0.3940637950305618;0.1608189677787648;0.287194348687334;0
415;245;248;4043;1.026901963752151;0.4718284653788728;0.285835015223532;0
416;204;201;3634;1.0603287711190548;0.4756062602164724;0.2847881865032864;0
417;193;204;3613;1.163645909376263;0.4424534383193018;0.2858014781878064;0
418;212;214;3799;1.050696283834301;0.4231000206859433;0.2848194779353021;0
419;193;193;5656;1.0207370288127275;0.4262059344945435;0.2818902088349608;0
420;183;188;3925;1.1028019530048847;0.4911340710006329;0.2796971325721372;0
421;218;220;4138;1.1452308060864609;0.461013596186231;0.2801970864154864;0
422;203;208;3046;1.1335344321818648;0.4210864386514765;0.2863807673096434;0
423;185;184;3519;1.0608834303565229;0.4194838469900057;0.2873444454852343;0
424;199;206;3664;1.140414302527501;0.4324506853980321;0.2897908124272872;0
425;226;248;3871;0.9941100694905276;0.6276534459499946;0.2914900983307721;0
426;219;218;4090;0.7679942937450738;0.5728557816161741;0.2918377143151323;0
427;211;224;4045;0.7484513127727938;0.480796330598561;0.2904868129175619;0
428;161;161;3694;0.7300404161916919;0.2155573806619866;0.2585254307946146;0
429;201;208;4253;0.852335059312516;0.2516613183859988;0.2390613583860457;0
430;218;240;4077;0.7432399171807604;0.2246112473055118;0.2358021593755847;0
431;217;215;3885;0.6883920613637109;0.2274134083943018;0.234130691101004;0
432;178;184;4023;0.4775677034981259;0.281609997215279;0.2326464652445258;0
433;185;189;3594;0.3721629175191465;0.281609997215279;0.2347004276995679;0
434;181;192;3765;0.2357904495498987;0.3130662995186672;0.2340057420776364;0
435;207;212;3874;0.4385205975856611;0.3354562566368413;0.234963285944196;0
436;193;199;3715;0.4779509170645056;0.4041358995166336;0.2357813102998047;0
437;192;194;2777;0.5116658073371146;0.4520861097213011;0.2399619892771509;0
438;216;224;3356;0.3633106884636613;0.4177265307248362;0.2410343833284825;0
439;193;191;3399;0.4425402938352725;0.4206619377939299;0.2408428377064305;0
440;165;173;3388;0.4271494107243312;0.3866481392844449;0.2422928069839976;0
441;207;211;4333;0.4952282636227196;0.3271008385228682;0.2411179920045843;0
442;203;196;4113;0.7696961901300724;0.4069775569197944;0.2399724283000178;0
443;213;227;3926;0.7329711000842324;0.3388994142757618;0.239516603283104;0
444;221;228;4200;0.5386020280006433;0.31346920187734;0.2381271001599643;0
445;229;232;4000;0.2872007222520367;0.2366947609701266;0.2381109218136208;0
446;209;204;3917;0.2806758876609015;0.2333743457046248;0.238264082750781;0
447;193;200;3992;0.3078895745777552;0.2163504389001847;0.2382517646650665;0
448;194;202;3930;0.2836215199269408;0.2101545427214623;0.2381634492544242;0
449;230;231;4051;0.1854095092971655;0.1331085882672419;0.2367067164941879;0
450;200;201;4091;0.2538994760192605;0.1110263378535474;0.233310627768431;0
451;225;226;3986;0.1119085384480352;0.0253263861630288;0.2317772287294898;0
452;203;216;4192;0.1182729260038971;-0.0338486849097519;0.2315013156236859;0
453;203;209;4049;0.1545485016195499;-0.0833357799073653;0.2307207929863823;0
454;220;230;4281;0.0628811861442216;-0.1041123931250241;0.2306691836179775;0
455;205;212;4232;0.0628811861442216;-0.1139949591862265;0.2299412426218129;0
456;197;197;4926;0.0387636953443482;-0.0901241629042322;0.2302310234666403;0
457;203;200;3987;0.2753080850904065;-0.0160974160221498;0.2212493530019328;0
458;185;185;3949;0.2025245083962883;-0.0199028592193855;0.1967948596030386;0
459;190;199;4186;0.1602961720562173;-0.0312606055738187;0.1622808228308095;0
460;205;211;4933;0.3026033318478165;2.423303096965993e-05;0.1180519793543784;0
461;180;177;3914;0.3038100146497904;0.0478852432314886;0.1139840382784191;0
462;173;176;3629;0.0827309739366907;0.0847740205631651;0.1148278263320564;0
463;150;148;3310;0.347743738266753;-0.3525371784781297;0.117582953958525;0
464;173;179;3899;0.0707133658711427;-0.3080814529118559;0.1168846631684883;0
465;207;212;5387;0.0997945628697771;-0.3307815865156623;0.126431419461675;0
466;182;184;4849;-0.0164793886302245;-0.2514773392930709;0.1294017222218111;0
467;179;184;5713;-0.1553121468678641;-0.2336637796316989;0.1303453001230058;0
468;195;197;3985;-0.0511773397703087;-0.2572698257653414;0.1302757641565342;0
469;208;208;4051;0.0136474594367805;-0.2356691167940728;0.1302525669789584;0
470;197;202;3506;0.0073294144504848;-0.217181197347098;0.1264778855267242;0
471;175;169;3550;-0.1043860281107128;-0.2379661990236406;0.1263030039142434;0
472;177;181;5960;-0.2725856376975369;-0.1773247895155048;0.1420765516714941;0
473;187;193;9069;-0.2155396374997785;-0.2986601486108112;0.2217397562004071;0
474;193;203;7691;-0.1226060767921768;-0.270155086283688;0.2485903643743517;0
475;200;199;3598;-0.0662155505561542;-0.2367842672497231;0.2500223245730692;0
476;183;192;2970;0.0391303780371235;-0.1737736536360329;0.253980848852107;0
477;188;194;3121;0.0025268525522913;-0.1272864236351056;0.2581766290637781;0
478;224;221;3642;-0.0285476966148505;-0.2742058460582462;0.259409350027631;0
479;189;191;3425;0.0802841173229177;-0.2063469609686432;0.2611367006011825;0
480;193;191;3141;0.2136297695011378;-0.2229550735720773;0.2646995189434143;0
481;181;182;3413;0.1691725767396703;-0.2100493696841068;0.265488553555214;0
482;197;194;3415;0.2839022115007173;-0.2168513917104915;0.2668658322893578;0
483;173;185;3443;0.131438088138159;-0.1369349682630448;0.26841134854608;0
484;202;208;4572;0.1224171612049828;-0.1659235377368923;0.2672472731614219;0
485;210;220;4155;0.0631862713048216;-0.220053122004783;0.2609361850371599;0
486;200;196;4100;0.1893103025442964;-0.1855320749662496;0.2583673288022499;0
487;184;191;3917;0.1227792171923995;-0.1855320749662496;0.2563824961480698;0
488;203;203;3769;0.3416876121691934;-0.2350378599761291;0.2547658562511029;0
489;145;154;2877;0.7530460062956204;-0.3347759786559968;0.260694645718794;0
490;0;0;0;23.001416365667367;-4.043446905993993;0.3042247766232506;0
491;119;118;1714;18.522955238118456;-3.6238850720825337;0.3191732290997641;0
492;196;194;4013;19.02710869818648;-3.7049278961316254;0.319440295986297;0
493;191;203;3825;19.95864668872292;-3.8339019208580543;0.3198258374065885;0
494;184;200;3874;20.08018191733812;-3.836063872583392;0.3199232432736139;0
495;203;202;4237;20.00222588732341;-3.835447192020013;0.3195842811553302;0
496;199;200;5112;19.97751704863904;-3.836063872583392;0.3198186057279503;0
497;199;214;4500;21.086548425390447;-3.944308634184194;0.319433344766183;0
498;209;214;3652;20.90014724526707;-3.9167241838259375;0.3205191032356785;0
499;201;200;3638;21.77079119928936;-4.016021327314296;0.3214542959334279;0
500;189;198;2860;21.86881492974108;-4.058211072316962;0.3264903378006856;0
501;213;216;2896;21.57377798213704;-4.030574169840686;0.3310127689486566;0
502;190;190;3135;22.309274234639737;-4.176846816649998;0.3343582642774641;1
503;203;216;2893;22.35798895518256;-4.157069701072389;0.3389506651810516;0
504;181;187;2849;22.277116370728827;-4.14428996296042;0.3431707050205579;0
505;237;244;3853;20.57809864820158;-3.826297426622119;0.3434161499211745;1
506;204;209;3522;20.50713308624899;-3.8353362583445993;0.3445086517229722;0
507;203;213;2908;20.421244059056388;-3.812685799442372;0.3486899148142413;1
508;189;198;2668;20.54187019653824;-3.828715648903808;0.3535421390086497;0
509;208;209;2876;20.48686618791756;-3.871008027811936;0.3573836657613703;1
510;189;198;3196;20.83831763168852;-3.930996802994876;0.3589381414592695;1
511;208;225;3275;22.439009367257523;-4.111069541487341;0.359080530510737;1
512;194;198;3676;22.906239787282576;-4.167096604043456;0.3595345834160225;1
513;183;188;3190;22.92080364118977;-4.160403101241849;0.3592472049407361;0
514;209;217;3376;22.87986671903123;-4.163966330983653;0.3598815252690815;1
515;191;201;3195;23.12450476586366;-4.201813262775798;0.3567152964884379;0
516;200;201;3336;23.10225442862749;-4.205007713643214;0.3580497446910838;0
517;189;196;2940;23.23050223950256;-4.204877326384683;0.3610840378021112;1
518;192;197;2805;23.226791399650523;-4.2018294137138135;0.3640221803025185;0
519;178;185;2963;23.33936864437773;-4.287963781443859;0.3661967585064914;0
520;191;199;3214;23.65862884052661;-4.340519157396009;0.3593566649742459;1
521;205;229;3218;23.634475026463523;-4.252983856233681;0.2869887241767309;0
522;224;210;2471;22.86704657885816;-4.247229726942799;0.2313389365249886;0
523;198;206;2685;22.8778736029533;-4.2490105135435945;0.2339736223204006;0
524;221;228;3270;22.49690887469348;-4.187090541966084;0.233067552016133;0
525;166;179;2866;21.681531986031505;-4.129196718579239;0.2341073353146769;0
526;164;171;2927;21.43794276937119;-4.055324028793327;0.2352370538123924;0
527;171;185;3201;20.9418898689456;-4.035502672949275;0.2355212647500216;0
528;172;173;3637;20.483419756725244;-3.958786591819581;0.2351957124501514;0
529;215;212;5391;20.31930310468221;-3.998447220653057;0.2493649037134287;0
530;200;210;3092;20.304004124945667;-4.00485826325908;0.2500641523088868;0
531;162;172;2896;19.79443236845346;-3.9413764757633336;0.2515696663162393;0
532;215;220;3017;19.52408626356961;-3.9122952530362936;0.248025890112975;0
533;184;193;2945;19.589737835761674;-3.930791352152821;0.2472383983053877;0
534;190;186;2884;19.589885135308265;-3.904640847276153;0.246732508080703;0
535;218;225;2822;19.28472544953895;-3.8673400459009657;0.2471502761074873;0
536;194;194;3416;19.326830325797925;-3.8563830907191456;0.2465793945108372;0
537;203;219;5030;21.43125695081524;-4.058963364416907;0.2558154415014674;0
538;218;220;3583;4.075061851461158;-1.4214758343377771;0.2047023881725566;0
539;200;202;3419;0.245233686013273;0.0889643219961894;0.1898384821008586;0
540;207;213;4751;0.1961368253309771;0.0195840773178909;0.1962394328702464;0
541;176;188;2965;0.0358135258954888;0.0602168587887169;0.1970457760275795;0
542;203;205;3005;0.1088442454940452;0.0398148426292814;0.1973443280200868;0
543;148;154;2820;0.4711733436204795;-0.299666864799549;0.1962553270192223;0
544;202;199;3652;0.4639926387967719;-0.295822567624925;0.1815099835836067;0
545;197;215;3702;0.4638593888546902;-0.2968786219843742;0.1750202064048294;0
546;207;207;3091;0.4805902129807423;-0.2807244219417938;0.1749067441724675;0
547;179;181;2939;0.3340427152032811;-0.2361071054985588;0.1753267605522617;0
548;188;193;3165;0.3259930114537857;-0.2185187045103191;0.1741821233571105;1
549;204;204;2880;0.4037248643177812;-0.1908417301789308;0.1742658523309546;0
550;221;226;2961;0.2647938776773358;-0.2489372645563838;0.1748491637361921;0
551;200;200;3200;0.274627361749501;-0.205653078328115;0.1738099845855291;0
552;202;208;2850;0.3932724761386506;-0.2737251583986513;0.1738042738085427;1
553;228;241;3003;0.2421051270142481;-0.3319666637449853;0.1728375422183565;0
554;227;224;3315;0.1167047430028013;-0.3316924695812874;0.1725935503472702;0
555;209;215;3687;0.0873566421343208;-0.3342567135287493;0.1723416678225555;0
556;202;210;3470;0.1352951166488354;-0.3754050232502865;0.1697753633071715;0
557;208;208;3484;0.1352951166488354;-0.3725571360382156;0.1685297254299949;0
558;207;221;5750;0.1741451440980542;-0.4210962325990766;0.1977520944933685;0
559;196;179;3384;0.1874065360510492;-0.3458875559811102;0.1976243230727374;0
560;218;232;5072;0.1162382094990389;-0.3443220728676524;0.2094134767130484;0
561;210;227;3994;0.2278019974132043;-0.4111069801632917;0.2100347571474371;0
562;189;182;3695;0.180269873316093;-0.3216374798373745;0.2100827214989628;0
563;209;208;3850;0.2076578073590332;-0.3450292112380642;0.2100438672526038;0
564;218;232;6740;0.1345433678339724;-0.3509013187370811;0.2486623272777122;0
565;213;216;4001;0.1792823626925585;-0.4092821433213058;0.2470742205445643;0
566;231;233;4081;0.1278515411899404;-0.4326454700740435;0.2447242690585616;0
567;255;253;4306;0.7130332358077104;-0.2878288826168844;0.2438308760891405;0
568;209;209;4216;0.7648949938700691;-0.3195917210337979;0.2435585511268195;0
569;243;244;4044;0.5545679608456466;-0.2472610389007505;0.2427495224227517;0
570;232;235;4425;0.4859754788362736;-0.2601784859213169;0.2380501038335379;0
571;205;212;4221;0.5010068801589865;-0.2779245610738131;0.2340895744370844;0
572;190;193;3929;0.5183317029088678;-0.2019334740795707;0.2329625578421437;0
573;218;218;4482;0.7729696717011982;-0.2780461332066567;0.2307880363144004;0
574;235;243;4415;0.90269612703043;-0.2784962562018923;0.228468200567725;0
575;192;197;4199;1.177475529964223;-0.2945254781955865;0.2269540843595222;1
576;209;213;6028;1.5890150046925329;-0.3221864635279689;0.2400970343029609;1
577;198;199;4197;1.5783072611324869;-0.2805975861090067;0.2341070381827127;0
578;215;217;6359;1.5711695750948331;-0.3013815736107867;0.2480810630813391;0
579;198;201;4845;2.0026668356782684;-0.2662237148695042;0.2455952511673801;0
580;200;195;3736;2.0097192819091507;-0.1928528641613022;0.2425325911307388;1
581;190;195;4174;2.133538398935483;-0.195815575131297;0.2384714387712049;0
582;187;197;11978;2.072511201539058;-0.2024097849203362;0.360462909523205;0
583;194;199;16973;2.055613152718677;-0.1296430262618833;0.536707279182429;0
584;231;233;10205;1.8459760272974608;-0.2081023458728531;0.5504738000626228;0
585;203;209;6125;1.8459760272974608;-0.1770003695033298;0.549796915172474;0
586;241;239;5290;1.5034335265589036;-0.1633679222691988;0.5450763127622217;0
587;190;194;9424;1.3834617996336995;-0.1461527762667957;0.5491996553079097;0
588;184;197;8574;1.161141636734977;-0.0986167969243829;0.5522820699221859;1
589;213;221;6011;1.4834622650903355;-0.1752005950199789;0.5433158124725619;1
590;196;201;3555;1.425447260508656;-0.1632865906206135;0.5405925920426962;0
591;181;181;3981;0.1285585936256185;0.286725389510261;0.5350697938505954;0
592;194;200;4092;0.0929300522416933;0.2854302977863267;0.5333170418480745;0
593;239;245;5597;-0.1808022412116001;0.2783116825174615;0.5281740702576371;1
594;200;216;4688;-0.1857563510036683;0.2480826656446393;0.5218246408328171;1
595;223;211;4739;-0.2317363744716994;0.2791206509762649;0.5144977420095451;0
596;235;252;5166;-0.3924662914271532;0.2727583872131122;0.5073901421215959;0
597;225;233;4985;-0.5008858680700045;0.1923422912196011;0.4990754273890406;0
598;254;260;5588;-0.4444994466668873;0.3055361682277453;0.4901034479832609;0
599;232;233;9256;-0.5836319680176367;0.2220937993629266;0.4878957717387525;0
600;218;223;7760;-0.5973992466653845;0.1760157242405486;0.4783383532957728;0
601;213;234;8267;-0.4972229641819292;0.1767975305361722;0.4702484092388758;0
602;199;200;5006;-0.410176200706954;0.238855788713224;0.4638268536488028;0
603;220;230;4353;-0.4592943135773856;0.1940360602279447;0.4611488587259221;0
604;233;241;4486;-0.602987856461486;0.1270323496500313;0.4569890214423624;0
605;214;234;5111;-0.6096513411044602;0.0569126261913391;0.4510785055654684;0
606;233;224;5074;-0.7368688812767471;0.0478228829483779;0.4524087851635476;0
607;219;223;5035;-0.7084656129132229;0.0753968035781461;0.4461713567022641;0
608;198;198;5133;-0.7320674672226148;0.154688080202737;0.4460221033617375;0
609;202;198;7925;-0.7490779058504395;0.2223954262777175;0.4412901748517792;0
610;211;220;15027;-0.6776406264601025;0.253227612406373;0.4771049778851313;0
611;198;209;5139;-0.7139307438389239;0.2510749971608239;0.472580475375945;0
612;227;229;5294;-0.7706887950959301;0.2584209799525545;0.4748749295386805;0
613;236;244;4502;-0.8959767952310524;0.2039525438562482;0.4729640623864038;0
614;235;253;5251;-0.9213348496893512;0.2284583148730659;0.4691070390645289;0
615;208;212;4676;-0.9812289728548548;0.2673919603620368;0.4678025937133338;0
616;208;210;5427;-0.9825085561934048;0.2650769435126344;0.4640313182647472;0
617;204;211;5310;-0.8732925237932865;0.3359645029157139;0.4598417048171272;0
618;199;195;4932;-0.7734386275525007;0.4151609447143725;0.4581603512284079;0
619;229;228;8144;-0.8749099407364314;0.3620665588451684;0.4524932375307576;0
620;198;199;17324;-0.8436960483091287;0.3747151890180855;0.4976355429384831;0
621;222;232;18150;-0.8678929653226759;0.3306733122184969;0.537351233447375;0
622;227;218;17258;-0.8147412531442473;0.3807894937896263;0.5586566377690039;0
623;238;237;17069;-0.8882580756415885;0.295813877822232;0.5712971774757986;0
624;196;191;15437;-0.9362722064729896;0.2948813972668448;0.5779722850633694;0
625;215;211;11405;-0.900900613261611;0.2798042917540793;0.5679157183406266;0
626;205;205;5612;-0.9070502388725118;0.3111141433976847;0.5698580173471585;0
627;192;190;14744;-0.9320515557170552;0.2876593713662622;0.5679511156750471;0
628;203;207;16323;-0.9191163324226318;0.2864734655556744;0.5652559728953858;0
629;212;201;5856;-0.8455907748281485;0.2931268166145093;0.559827738362652;0
630;217;212;4997;-0.7742396118171367;0.2786227329106675;0.5680574312553298;0
631;207;203;4534;-0.7049121173075594;0.2792349333694733;0.5640896702920692;0
632;231;234;4886;-0.7049121173075594;0.277493687449154;0.5725823465790804;0
633;214;204;6441;-0.6714695714621673;0.285711601477361;0.571821830563347;0
634;209;215;5059;-0.5298058786100747;0.3481943294300152;0.5725445642225764;1
635;208;210;5258;-0.4258015937903927;0.3507867798677593;0.5796649751707876;1
636;225;225;6701;-0.4191771749503503;0.296217585323938;0.5824749102502176;0
637;206;204;4893;-0.4441913818253056;0.3418968767635443;0.5857638244128045;0
638;205;212;6014;-0.3776780765976138;0.3271961550494708;0.5774428088543656;0
639;219;220;5493;-0.5175545680059733;0.4486267816286109;0.5722779101427137;0
640;215;213;5470;-0.4334261691186364;0.4433559824541819;0.56760975948535;0
641;221;216;7457;-0.2467599423235903;0.5068302512636828;0.5634585413058112;0
642;200;200;13626;-0.2467599423235903;0.5214334405343565;0.5585427771023512;0
643;179;185;20074;0.0463286122826432;0.413193290792113;0.577039955248209;0
644;227;230;20286;0.1502161262956833;0.3632717358742443;0.5913873989178569;0
645;194;189;7787;0.0786346215786821;0.3956810082795997;0.5844059768297963;0
646;199;198;5820;-0.5570886729275284;0.2407971344057831;0.5837468982974469;0
647;206;209;5074;-0.4449799187343068;0.3144693468907844;0.5924916204555236;0
648;188;175;4747;-0.535262802759494;0.1592522805512297;0.6002002039652595;0
649;184;191;4746;-0.6012386410776875;0.2316658724259934;0.6087507037810488;0
650;230;227;5147;-0.6464679859120624;0.1489950723528053;0.6083038600153391;0
651;200;204;5433;-0.6730800299711686;0.2275806798982783;0.6047791686778184;0
652;187;184;4881;-0.6559355616884441;0.2274772707894709;0.6034473977475358;0
653;215;227;5130;-0.6602702701149619;0.2227917577295066;0.6033876418540882;0
654;219;214;5523;-0.5686515140211958;0.2562342735210702;0.6020169985639103;0
655;203;210;4606;-0.5458553807039779;0.3040326353072383;0.6034328144614172;0
656;213;216;4223;-0.4894910920315469;0.2476597455232641;0.6065036096446766;0
657;206;204;4350;-0.4644782872553151;0.2369517658584027;0.6158710662211874;0
658;262;262;5173;0.9421550633731824;0.5607698407218407;0.6209418396519792;0
659;215;210;4354;0.99435140309069;0.5574204451061548;0.6235828926028978;0
660;215;226;4454;1.1767800620238034;0.5650365071882272;0.6263520482525238;0
661;242;224;4500;1.1085258115028729;0.556519752857862;0.6263590471070412;0
662;219;216;4429;1.4274385266346672;0.4368094601265257;0.6290851846379022;0
663;198;201;4447;1.3477560487138138;0.4718126465487559;0.6298794286044348;0
664;210;206;4456;1.346479956158;0.4865305137837393;0.6330483483647567;0
665;216;233;4852;1.3238716507117425;0.4286552416060378;0.6345090805534527;0
666;209;197;4374;1.3972466229709817;0.4306926780344045;0.6364187545612734;0
667;212;213;4422;1.6804115542821372;0.4807164622050768;0.6458790384424088;1
668;213;207;4451;1.765934978675344;0.4638125816532127;0.6449552668701372;0
669;188;189;4435;1.6425379801132909;0.5313729011071123;0.6368705529927258;0
670;194;189;3927;1.7786874133833284;0.5747800594930053;0.6304231997900221;0
671;181;187;3964;2.0145204212433065;0.6255373786461371;0.6198231903031657;0
672;210;205;4586;2.1043183574415183;0.6202000891781979;0.610932208249448;1
673;208;206;4694;2.1642646041321765;0.6407601776308784;0.6147819483334117;0
674;216;208;4329;2.0925722318369826;0.629524925037593;0.6188798231368016;0
675;209;198;4581;2.2847102132533648;0.6459234582022454;0.6076445191111549;0
676;191;185;4513;2.0865402119891026;0.6193420241905138;0.5786007270384987;0
677;229;226;4679;1.7504635903108547;0.5309077626322382;0.5817428155654073;0
678;196;190;4607;1.7278704221246228;0.5642467775822527;0.5829804249108648;1
679;222;213;5888;1.5602161398027274;0.5260612625672342;0.5792837787276921;0
680;191;190;6000;1.775238385446236;0.6051782511971406;0.5765168377580538;0
681;217;222;6300;1.731358165531533;0.5348179175250481;0.5767258505751137;0
682;228;227;5398;1.4250603101618438;0.500595919991899;0.5758043181099121;0
683;203;203;5339;1.4139721549866;0.5263253018511169;0.5755901939476958;0
684;194;194;5289;1.551314666231347;0.6181601585323908;0.5782504155375897;0
685;233;228;4426;1.1486445484873928;0.5380149900788092;0.5798052064453711;0
686;220;218;5403;1.038503070589075;0.5139349020637497;0.5811405056076004;0
687;216;218;5518;1.0782296433053822;0.5208879263684505;0.5810803881135028;0
688;209;199;4861;1.1192910595179837;0.5685217910498059;0.5827699838760816;0
689;207;201;5162;1.2569199184610036;0.62498171060579;0.586235082007603;0
690;216;213;4812;1.2249037048283924;0.5786968022693687;0.5685562794701254;0
691;210;207;4861;1.5034297529967846;0.5869161513723662;0.4431809942051499;0
692;207;203;5550;1.8004807110735264;0.6740177649923619;0.1385860783607191;0
693;225;231;4734;1.6810043295873176;0.5922600260271276;0.1105148881922365;0
694;213;219;5043;1.7241207221322434;0.5198971156587098;0.1071661332458374;0
695;245;248;5025;1.2075043910183074;0.5557640478708321;0.1071047320442032;0
696;208;210;5091;1.4300913313351151;0.7140884134168746;0.1071472207853198;0
697;206;202;4521;1.7183648437853367;0.7326585838540104;0.1076631625299034;0
698;230;242;4047;1.7183648437853367;0.7435593558154819;0.110384385880069;0
699;241;232;4540;1.2737206100619418;0.6484400835510447;0.1095433892883108;0
700;235;236;4777;1.165761426560633;0.6314891103333514;0.1095728144519487;0
701;226;222;4192;1.0284974111212757;0.649449105513152;0.1110790235422139;0
702;225;225;5967;0.9462675739025872;0.6044769923728701;0.1143489750032927;0
703;254;247;4534;0.6951063994856277;0.5646716096013498;0.1145152799056522;0
704;251;270;5859;0.3507414199543785;0.8014548742794456;0.1166975546516851;0
705;230;226;6341;0.2537841482590507;0.7346396765384681;0.1231458778010602;0
706;196;197;5095;-0.0281119440779262;0.7044378615540929;0.1230356536954787;0
707;210;200;4333;-0.0320095111397492;0.7192403223637577;0.1231269463577538;0
708;206;212;4792;-0.0525370211260266;0.7735016842418043;0.1223385646273736;0
709;225;222;6597;0.1271611117048749;0.7815225554312651;0.1308088580554726;0
710;240;243;7440;-0.0939638089273586;0.7166981029702458;0.1475606658196698;0
711;240;231;5058;-0.2165873892410286;0.6287380170233762;0.1463526720961467;0
712;195;192;4090;-0.3153879085134735;0.6182043357170551;0.1480994827242144;0
713;193;190;3995;-0.4170111947949527;0.6886923242374812;0.1513557484063666;0
714;217;213;4728;-0.415173461711406;0.6640167224700071;0.1502828739914946;0
715;212;208;4547;-0.415173461711406;0.6789926043755782;0.149852444222726;0
716;208;209;4560;-0.4260928755681812;0.6739876261786834;0.1494884151206845;0
717;206;218;5717;-0.3394985189826582;0.6611479499914579;0.1492963996358926;0
718;232;226;4305;-0.3516596289364917;0.6257824064351274;0.147130166982395;0
719;238;273;4816;-0.561388947802394;0.8611546278468097;0.1434859748597519;0
720;248;210;4523;-0.6956455083610743;0.8548956719884351;0.1436992978006589;0
721;220;215;5395;-0.6758377337532359;0.8366516033928244;0.1433096299899632;0
722;211;216;4822;-0.6872328094400978;0.81760261321993;0.1416488963404826;0
723;212;221;4632;-0.6749219234058745;0.7870054650778865;0.1414843235167373;0
724;205;205;4300;-0.6471573758593556;0.8937960254919561;0.142418706290932;0
725;201;220;4364;-0.64527078190678;0.9180093111183496;0.1435743928484563;0
726;198;199;4606;-0.6408985102918762;0.9756188761612647;0.1435775421186746;0
727;212;222;4953;-0.6269860574084037;0.9454914430005964;0.1420174614299885;0
728;208;214;4484;-0.5933316362314202;1.019075350933093;0.1408047257664654;0
729;207;216;4452;-0.6128841818037419;1.0410494653469815;0.1373047727791193;0
730;196;198;4652;-0.5962837314486985;1.0769046434023417;0.1373743722067654;0
731;211;228;4648;-0.5646522568283507;1.0176803389379756;0.1375112268785722;0
732;203;195;4575;-0.541627066171481;1.0253939673931165;0.1378671948977897;0
733;202;218;4334;-0.4279471650068255;1.067638135185529;0.1382329646982778;0
734;231;238;4382;-0.5382431011965274;0.9853668520961596;0.1388754805673897;0
735;231;232;5118;-0.6543206400717269;0.9279565394533698;0.1379930086555943;0
736;219;226;4838;-0.656183897334705;0.8955253578045328;0.1380110359846832;0
737;203;210;4429;-0.6741085174788506;0.906885853156186;0.1388065636855933;0
738;212;220;4361;-0.6738746286068567;0.8868724833196151;0.1398717146549823;0
739;215;218;3802;-0.6687085825115043;0.8699234135144374;0.1439837485321216;0
740;235;253;4323;-0.7880623543449315;0.778496526386823;0.1438356955034241;0
741;204;223;4776;-0.7789534880787136;0.8107815876772787;0.143795416230124;0
742;251;264;4484;-0.9022954827087049;0.7830597890238067;0.1442828561987729;0
743;203;206;4462;-0.751349451276855;0.8890453745934859;0.1448060900247625;0
744;204;223;4390;-0.7660007339458854;0.8585164260548603;0.1454150707026564;0
745;204;208;4630;-0.7736161046320561;0.869373623870867;0.1452088003216028;0
746;266;279;4896;-0.3397528269227478;1.0448923340799765;0.1429781331550688;0
747;203;209;4547;-0.1277541782747754;1.1043093681051404;0.1429625906400905;0
748;223;253;4765;0.017313442900182;1.0571322470129805;0.1429715233746368;0
749;211;205;4284;0.1004797042662435;1.0757978373100423;0.1425842305151724;0
750;223;229;5341;0.1216050971728577;1.0609349647608968;0.1393838617890895;0
751;210;218;9213;0.4992884128141764;1.1632373724858058;0.1891906995185469;0
752;207;220;4559;0.9758288983108876;1.225479478660579;0.1880932180140195;0
753;205;214;4486;1.2117979164944648;1.2643715972362803;0.1842779747557515;0
754;202;210;4316;1.2736405733295746;1.3036272668933389;0.1852788597948675;0
755;192;204;4094;1.1357019622812012;1.319756376846383;0.186161335974671;0
756;190;195;3836;1.000231400903305;1.2655370104357109;0.1891511413725453;0
757;188;201;3814;1.0067641222153236;1.2786639065278915;0.1848838999444956;0
758;188;201;4000;1.3484182773634616;1.3878016760363077;0.167758950060378;0
759;207;218;4317;1.936311090121904;1.444446216826308;0.1680752998968778;0
760;211;222;4013;2.029585517792526;1.4930598866227052;0.168394206951989;0
761;191;194;3449;1.998879195703652;1.5379203217927504;0.1716814564443878;0
762;223;238;4258;1.883431365588196;1.4329028008146405;0.1723575712022617;0
763;203;199;4275;1.8820688997717308;1.4047595091113023;0.1728676782215684;0
764;200;204;4644;1.8439668534256184;1.398104674416914;0.1728045076367276;0
765;195;196;4527;1.7536122832406578;1.3714804595962409;0.1699583373515568;0
766;217;215;4472;2.1165008204162628;1.411507421166837;0.1696432441129793;0
767;236;238;4503;2.17251265626072;1.331034881620445;0.1697227253972055;0
768;194;195;4299;2.977090309768072;1.284519917233133;0.1701065417789389;0
769;191;189;4346;3.000213687614677;1.2036254762097904;0.1689110974969202;0
770;237;240;4677;2.2777192510524182;1.106108720940719;0.1688393208155194;0
771;260;269;4624;1.7857444347250313;1.096538745946212;0.1688412169766523;0
772;233;244;4810;1.3816301685284094;0.9857986074415184;0.1684772584146149;0
773;223;218;4272;1.245771366845753;0.9920126917687924;0.1686782112348837;0
774;210;221;3501;1.2823327855261342;0.9758450304219788;0.1727799500571919;0
775;204;197;4085;1.2899823171163085;0.9885788414167191;0.1734605507056042;0
776;234;238;3946;0.9432854340557734;0.9073570455196658;0.1748247795440708;0
777;267;269;4199;0.8071858220233673;0.862207743203515;0.1752862671454238;0
778;210;220;3749;0.8572474494484529;0.8532939998070985;0.1775513890403118;0
779;199;192;3767;0.8288635405732067;0.8635078299313586;0.1796326250559816;0
780;215;222;4130;0.8206433703101463;0.8576686645162016;0.1802648111972427;0
781;194;195;3967;0.7697483317055511;0.8520318652051415;0.1812120147622106;0
782;219;237;4442;0.9331599135161768;0.8551105590312095;0.181151810479108;0
783;202;195;4288;1.1561910749009996;0.8994380198330312;0.1804969201329103;0
784;218;220;4763;1.1667804498909145;0.9187209348152562;0.180388559234566;0
785;238;249;4469;0.8148914943528681;0.8146433110964884;0.1803616001916156;0
786;221;219;4280;0.752014621639501;0.8174078863355178;0.180478854618187;0
787;193;195;4240;0.7045108338347074;0.8209835573654938;0.1790424680777383;0
788;186;195;4114;0.8824389629217934;0.917043813095949;0.1794810131392359;0
789;200;207;4228;0.8694983950297902;0.9529583238296708;0.1796642974745932;0
790;222;241;4351;1.3236839243043892;0.9495063265747004;0.1797715447636258;0
791;220;205;4316;1.2421298529987272;0.9499219070360096;0.1799121940692367;0
792;201;219;3739;1.2308339853378418;0.963026358866335;0.1817946346278086;0
793;233;228;4575;0.949604436577032;0.9083049878747854;0.1817717930174683;0
794;225;230;4646;0.9400832554899006;0.7372048352571156;0.1814060049685068;0
795;213;209;4606;0.937031532738351;0.7372048352571156;0.181423391116826;0
796;212;220;4529;1.0488356430355257;0.7930242361167067;0.1812493121702835;0
797;200;204;4593;1.0286994330484265;0.7934336899721323;0.1810830118197472;1
798;229;243;4844;0.92510431484652;0.7598247191828977;0.179344564110349;0
799;224;225;4674;0.7947971750593317;0.734443932159869;0.078155733809474;0
800;262;271;13809;0.5587121644030527;0.7958155536003493;0.316133778505684;1
801;249;251;14610;0.1817666610765232;0.7066733230131103;0.4341741105391106;1
802;261;266;14265;-0.0627744244005526;0.655119215212051;0.5023745082048543;1
803;244;241;15377;-0.2429251193003464;0.5682797629391629;0.5620949094605647;1
804;241;243;16418;-0.3572709528109782;0.4914357471078832;0.6128500095805904;1
805;226;224;15788;-0.3199742957900279;0.4560586366792489;0.6416319418540801;1
806;221;228;15599;-0.2467460542072085;0.4096600481229643;0.6604067504495339;1
807;249;249;16161;-0.4489423608859788;0.3385185564204264;0.6771267115440215;1
808;206;205;14708;-0.4650913231616675;0.3683250152492621;0.6797621997757655;1
809;205;201;14883;-0.4129437239165895;0.3829992527902003;0.6778312869767061;1
810;197;199;15146;-0.4572433868169404;0.4536991972451608;0.6776948004991813;1
811;231;229;16151;-0.4853663186062938;0.4076849722876434;0.6788134928252844;1
812;230;243;16295;-0.4779305688422295;0.3236825907800958;0.6790899048758214;1
813;232;229;15162;-0.44748954903428;0.2876246449836611;0.6736362822006772;1
814;201;200;15001;-0.507006855944495;0.2944333578326981;0.6664141456792383;1
815;221;233;15723;-0.4244119909406796;0.3073288658740728;0.6597859801048903;1
816;191;180;14939;-0.4287659381025115;0.216293193001131;0.6499030057509734;1
817;173;176;15205;-0.2323620384457426;0.1224696815658622;0.6399137123730422;1
818;207;210;14540;-0.1710774203446861;0.1949199315670242;0.629512636796957;1
819;214;201;18935;0.0406760390073963;0.2044392408989419;0.6269962889962861;1
820;199;204;24979;0.0538933605723203;0.2908640380335234;0.6442051840766664;1
821;199;197;24954;0.0084282737243787;0.3160276559986074;0.6523896580080999;1
822;189;188;25041;-0.1004840835893051;0.3298065237624074;0.6529930392977682;1
823;191;187;25039;-0.1725680467241484;0.3072138763505885;0.651467092521312;1
824;223;219;24742;-0.086853016198515;0.3555654054503102;0.645560120328956;1
825;185;182;24159;-0.2207745305523306;0.3008001746470881;0.6368329182913306;1
826;221;217;25612;-0.2399862620238595;0.3095357487435818;0.6279500292516422;1
827;212;210;25318;-0.1882318073811385;0.2994686943344909;0.6166492753358943;1
828;209;210;24850;-0.1928135779929041;0.3327350047032398;0.6041681184526794;1
829;187;185;23844;-0.2281447595875888;0.3073438225356021;0.5887620903211209;1
830;194;187;23646;-0.2933558410009994;0.3764472422594102;0.5737229415559001;1
831;185;178;23051;-0.3754886668626753;0.3224171346860123;0.5570638198562327;1
832;209;215;23738;-0.3663600529362354;0.3366069232896973;0.5418022249514811;1
833;195;193;22983;-0.2547164880953319;0.4202236015180053;0.5245850541576584;1
834;174;166;23609;-0.2975600644954187;0.3315295063938264;0.5069069744897304;1
835;208;205;23273;-0.2409034799267943;0.3182314388216607;0.488373836081667;1
836;191;190;23856;-0.2152366484385667;0.3174786277961991;0.4694401173042525;1
837;205;201;24364;-0.197006537273767;0.3291633652679636;0.4506474901725193;1
838;147;146;14528;0.4507896957346419;0.0849826447799912;0.4322595994178657;1
839;198;188;24531;0.4281802693196628;0.1099292721873803;0.4129117284921684;1
840;177;180;25005;0.2493150195024864;0.16543134790092;0.3915522015889049;1
841;207;201;25154;0.3746332965502336;0.2268651604776574;0.3717996340886048;1
842;187;175;25247;0.3396174946852642;0.2951992656796467;0.3513786599563396;1
843;196;194;25478;0.3150524087676162;0.3258839156898103;0.3299589149215293;1
844;216;209;25489;0.3005336312037534;0.3531996282624047;0.307043819539243;1
845;197;206;25144;0.2876748778549047;0.3485022681045581;0.2825106869456505;1
846;199;186;25520;0.3951978855316393;0.4373216465118597;0.2571986998312476;1
847;191;183;23768;0.4336951152582229;0.5140625327696422;0.2276643086037881;1
848;168;152;24728;0.3854998179260837;0.2783576530402945;0.2218436698359093;1
849;196;193;25018;0.6648821961971548;0.3015645381990752;0.2171169901603772;1
850;196;184;24514;0.5571940623996434;0.109441046430478;0.2110638501972975;1
851;204;203;26396;0.815728860649598;0.0946721057638851;0.2077712317820441;1
852;180;175;25557;0.9154381190579636;0.0902600597182794;0.2048682510640896;1
853;180;177;25980;0.981606655108718;0.1743430563954703;0.2009945464506413;1
854;205;195;25746;1.1692337753459237;0.2180904124350662;0.1962377382993792;1
855;190;186;25565;0.9649094366430228;0.0298721316565349;0.1918456762450852;1
856;204;197;25670;0.9779209602866666;0.0544732674884272;0.1845690905501764;1
857;196;193;25745;0.990464553168723;0.0812266246837897;0.1770895353080819;1
858;191;189;25583;0.952692146607552;0.1143202050229578;0.1694413872704055;1
859;194;192;24427;1.229294826144236;0.1159689875604658;0.1627782435167387;1
860;209;204;24772;1.4594582368719538;-0.2270143923566477;0.1560147306477717;1
861;230;230;25105;1.428405174291384;-0.211430417037104;0.1464072373995329;1
862;195;196;24983;1.4241420206311042;-0.1983788166735693;0.1354680808373582;1
863;217;223;24540;1.4832859725072949;-0.3529931655611462;0.1252087827439942;1
864;211;198;24136;1.4204732746455306;-0.4188811443767664;0.1115476912419633;1
865;229;227;24625;1.537052044156317;-0.3830976673161488;0.096741459335389;1
866;229;231;25140;1.2568052696252077;-0.2367427609457285;0.0760969755947887;1
867;222;219;25559;1.138171516790553;-0.2362875054278398;0.0682848158270439;1
868;188;192;24972;1.0455983945722995;-0.1972419273092464;0.0682838601251066;1
869;214;210;25085;0.9368058969766776;-0.2269419568021876;0.0683046187477458;1
870;220;213;25203;0.8480141688268238;-0.2886569283404849;0.0683385533581732;1
871;197;189;24701;0.9007210848441304;-0.2953595732744551;0.0683112537776449;1
872;206;205;27051;1.0942805817873795;-0.3032965387533256;0.0696745661415895;1
873;183;181;30666;1.0576783573035695;-0.3010559274883641;0.0775810404135156;1
874;192;187;33353;1.2136812895891689;-0.2459101909858614;0.0915867414082147;1
875;231;226;27549;1.0117910652964142;-0.1866077359664751;0.0926293004674589;1
876;182;182;26761;0.8870384623473783;-0.1077879997755944;0.093039726773671;1
877;199;206;26762;0.9795586085449128;-0.1740640683260741;0.0930735526766974;1
878;200;212;27178;1.001157371050611;-0.2399006076286113;0.0931665993216384;1
879;195;211;27559;1.1214516806010526;-0.3267451369958642;0.0929745309415889;1
880;220;226;27530;0.9771280309394526;-0.2802665491557203;0.0931417541965064;1
881;214;213;23783;0.9048651780104404;-0.3278390316395865;0.0925209364248361;1
882;201;197;23616;1.2572868029604924;-0.3617857588354036;0.0925160466958912;1
883;221;232;23675;1.0949901410556415;-0.282805824853899;0.092214400119587;1
884;189;193;23019;1.0665239942417382;-0.2929351879967281;0.092851333789322;1
885;234;240;23124;0.811050975079927;-0.1681858638561676;0.093645977428747;1
886;202;200;23522;-0.4326679915159699;0.1422288240146585;0.0698845517291517;1
887;244;263;24183;-0.2620877610065383;0.5413994192949476;0.0700905972431615;1
888;175;171;21542;-0.2573831432357971;0.5023908015521398;0.0737521899111865;1
889;198;202;23304;-0.2422461185695283;0.4991882164969869;0.0748311865373192;1
890;193;188;23433;-0.2017557242664396;0.5212963995218548;0.0757622048831363;1
891;209;229;24174;-0.2213333141476945;0.4376147828531226;0.0761336437118021;1
892;210;207;23721;-0.1627733001310655;0.4442459517463462;0.076781732543425;1
893;209;219;23910;-0.182925726646689;0.4059877597514009;0.0772578700747053;1
894;196;190;24009;-0.1930505488338468;0.4035365665573883;0.0776665609918538;1
895;235;227;23990;-0.3461325788471796;0.3151069141168951;0.077523119594514;1
896;218;218;24891;-0.4906939270421451;0.6000740662805493;0.0774828391258825;1
897;179;180;27739;-0.5586730596959363;0.5780965518787964;0.0786026209078459;1
898;199;204;27939;-0.5477540285843634;0.5599907070747533;0.0796688937158808;1
899;220;228;27934;-0.6456423899655028;0.4886001824309004;0.0806985371160561;1
900;222;222;29136;-0.6629723462454676;0.4643400809974977;0.0832063977814305;1
901;215;210;18899;-0.6119421348536089;0.4767464273359736;0.0916178417107438;1
902;222;218;16650;-0.7005854303403697;0.4090427631856014;0.104835209737815;1
903;180;176;17544;-0.7167393313986382;0.352719294285265;0.1142458699261281;1
904;202;201;15254;-0.7215557722617812;0.3440919225502971;0.1283080601983499;1
905;188;187;12868;-0.7706354315003818;0.3398577701982157;0.147239759229291;1
906;215;204;13391;-0.7270564770154115;0.3194630500539116;0.1625995641940594;1
907;210;202;13580;-0.6711199113639235;0.3039621313903233;0.1761642820970966;1
908;198;194;14426;-0.7025226537454359;0.3245833277829083;0.1869242300741493;1
909;175;172;14285;-0.6480372851509144;0.3228304501408195;0.197261446747873;1
910;182;177;17068;-0.7220117683156988;0.2926269367654808;0.2024143841574485;1
911;220;229;17812;-0.7423692201253104;0.2874851342153491;0.2064092934458417;1
912;198;194;17799;-0.7519136352639245;0.2949501612066703;0.2102692969061521;1
913;210;213;14630;-0.6361747696859245;0.3259064976443908;0.2185577616406307;1
914;232;231;13537;-0.6395736467789581;0.3259064976443908;0.228277046175371;1
915;228;233;12829;-0.6780960164321789;0.314664299964536;0.2386664301398349;1
916;211;198;13940;-0.6066819387600053;0.3051716454179469;0.2466903798999808;1
917;198;204;14056;-0.5997545929411078;0.3249332187918826;0.2540975373096716;1
918;197;192;14371;-0.5407960238476379;0.3806796401696509;0.2606052593703238;1
919;211;210;14897;-0.5373523036493495;0.3341055583380745;0.266179912097669;1
920;207;197;9926;-0.5387364119435234;0.3558636824594384;0.2791080007711591;1
921;220;223;3146;-0.4947104442624905;0.2886421098730971;0.3053944807708005;0
922;208;210;4051;-0.4227300316253577;0.2458408136602498;0.3224786113088185;0
923;199;209;5130;-0.2909847684652164;0.2912155357079806;0.342875932506833;0
924;226;224;4300;-0.269428253790745;0.2241840736716725;0.3650849234005796;0
925;234;245;3978;-0.3882837442594317;0.2177416049898136;0.3871041887790405;0
926;219;215;3253;-0.4037355489307264;0.2078984634296013;0.4097651321863992;0
927;240;265;4239;-0.427332706029097;0.404309298886619;0.4283707321763119;0
928;215;211;3592;-0.3989989673299634;0.4484784027299664;0.4478389847510754;0
929;244;245;3240;-0.4630548083297124;0.4108247309071023;0.4707264917983546;0
930;217;225;3137;-0.4508840860000049;0.3383346322216554;0.4934907763970939;0
931;191;191;3193;-0.5110575229581368;0.4258685948010368;0.5156318612479802;0
932;195;203;3321;-0.4660980157417694;0.4130721701128815;0.537431347135651;0
933;221;232;3373;-0.3749902447912028;0.4133103258930089;0.5587283105910394;0
934;263;265;3652;0.2240645370318522;0.4693516939681296;0.578709056122229;0
935;248;262;4031;0.2359428721410009;0.4604325454384751;0.5967839506965581;0
936;189;203;3764;0.2792981622613323;0.5524584445448822;0.6170716970286372;0
937;205;206;3305;0.316148412452452;0.5446910715566359;0.6373062067262983;0
938;234;230;3419;0.2007751229339437;0.4729036524508054;0.6567786855758677;0
939;219;227;3532;0.1695874181000393;0.4779335468205642;0.674693695124204;0
940;201;208;4150;0.1384188727246092;0.4754982473912358;0.6907646780797859;0
941;187;186;3482;0.0076583794636212;0.5105892911961167;0.7078678015699696;0
942;175;181;2972;-0.0717998150225181;0.4817068089459672;0.7256290349665563;0
943;200;203;3157;0.0878936918744136;0.5485151621929567;0.7418486836048528;0
944;236;239;3592;-0.0785381360748942;0.502797568803228;0.7534166683273046;0
945;193;193;3440;-0.0050241553132171;0.5394554580901397;0.75442311589653;0
946;198;207;3900;-0.0110774186065205;0.5330011484462652;0.7469816986013789;0
947;231;237;2997;-0.1136829529782249;0.516386510516149;0.7341743825593204;0
948;223;235;3034;-0.1219125330441322;0.4855855727015858;0.7004461353196509;0
949;192;197;3277;-0.1795399003197026;0.5080001025606202;0.7075125483625999;0
950;232;242;3608;-0.2701311820576742;0.4606518362417687;0.7176586323847248;0
951;203;201;3525;-0.1608321420581545;0.5214554968240322;0.7238852698188986;0
952;249;246;4067;-0.3478693014547806;0.432870129053883;0.7325785618555772;0
953;229;247;3825;-0.3428510920511908;0.3575217159174752;0.7456603062639584;0
954;251;259;4118;-0.5050720247190522;0.3089564748725437;0.7563845567699646;0
955;237;247;4000;-0.6259474587480103;0.2245496764321527;0.7665463940694756;0
956;240;244;4004;-0.697547886087058;0.1383801411228457;0.7736152450318519;0
957;224;223;3901;-0.6848299061689919;0.2019281644751869;0.7799518835080101;0
958;209;217;3992;-0.6080236721182661;0.2725657109429379;0.7704004170358264;0
959;216;221;4413;-0.6021582643694964;0.2962555052689346;0.746144788645582;0
960;228;237;4515;-0.5709096865609775;0.2274034574962485;0.7091016604545022;0
961;213;219;4601;-0.5624303270176078;0.2118726443055014;0.6879188902364984;0
962;226;238;4063;-0.5249628239023447;0.1959131299609171;0.6701434275016916;0
963;214;203;3385;-0.4862359819079915;0.2650704764523638;0.6543782906258258;0
964;195;196;3212;-0.568133711897039;0.2619951359877913;0.6185321327580976;0
965;180;197;3881;-0.5823677746175803;0.259194775482051;0.5601837757694479;0
966;202;204;3574;-0.5525879492855963;0.2743806367494771;0.4650267784523452;0
967;188;192;3720;-0.6576213606223402;0.2666706369160756;0.2642754586615146;0
968;183;183;3567;-0.7444709343841256;0.2150998696734995;0.126704607820503;0
969;209;210;3515;-0.7435015805695754;0.2486306483342395;0.124742090824882;0
970;211;224;3884;-0.7372269871255303;0.212199934579826;0.124316981792534;0
971;119;143;1309;2.896091425466665;-0.3175675796456077;0.1471482087767029;0
